{ "covar": [
   [2.37923429685e-07, 1.91722645146e-08, -5.35108301255e-10, 1.64378176228e-09, -1.2098269576e-09, 4.94870272461e-12  ],
   [1.91722645146e-08, 1.54540110209e-09, -4.31215468675e-11, 1.32035720014e-10, -9.75303199063e-11, 3.99773219478e-13  ],
   [-5.35108301255e-10, -4.31215468675e-11, 1.42819730966e-12, -3.69422386631e-12, 2.72129430733e-12, -5.99516591854e-15  ],
   [1.64378176228e-09, 1.32035720014e-10, -3.69422386631e-12, 1.20972647528e-11, -8.27903041239e-12, 3.24445815361e-14  ],
   [-1.2098269576e-09, -9.75303199063e-11, 2.72129430733e-12, -8.27903041239e-12, 6.16255110619e-12, -2.53519251044e-14  ],
   [4.94870272461e-12, 3.99773219478e-13, -5.99516591854e-15, 3.24445815361e-14, -2.53519251044e-14, 2.18811110535e-15  ]
], "state_vect": [
    1.68974064566146742,
    0.650169428520667614,
    -0.00202707555933751005,
    -0.0114750561928038571,
    0.00864577773850499706,
    3.57078337832880674e-05 ],
  "epoch": 2450750.538486
}